[{"model": "admin.logentry", "pk": 1, "fields": {"action_time": "2025-09-19T08:05:16.399Z", "user": 1, "content_type": 7, "object_id": "1", "object_repr": "Teddy Billiard Club", "action_flag": 1, "change_message": "[{\"added\": {}}]"}}, {"model": "admin.logentry", "pk": 2, "fields": {"action_time": "2025-09-19T08:05:47.431Z", "user": 1, "content_type": 8, "object_id": "1", "object_repr": "Image #1 for Teddy Billiard Club", "action_flag": 1, "change_message": "[{\"added\": {}}]"}}, {"model": "admin.logentry", "pk": 3, "fields": {"action_time": "2025-09-19T08:06:01.899Z", "user": 1, "content_type": 8, "object_id": "2", "object_repr": "Image #2 for Teddy Billiard Club", "action_flag": 1, "change_message": "[{\"added\": {}}]"}}, {"model": "admin.logentry", "pk": 4, "fields": {"action_time": "2025-09-19T08:06:15.586Z", "user": 1, "content_type": 8, "object_id": "3", "object_repr": "Image #3 for Teddy Billiard Club", "action_flag": 1, "change_message": "[{\"added\": {}}]"}}, {"model": "admin.logentry", "pk": 5, "fields": {"action_time": "2025-09-19T08:07:51.257Z", "user": 1, "content_type": 7, "object_id": "2", "object_repr": "AZCOM Bi-A Club", "action_flag": 1, "change_message": "[{\"added\": {}}]"}}, {"model": "admin.logentry", "pk": 6, "fields": {"action_time": "2025-09-19T08:08:31.544Z", "user": 1, "content_type": 8, "object_id": "4", "object_repr": "Image #1 for AZCOM Bi-A Club", "action_flag": 1, "change_message": "[{\"added\": {}}]"}}, {"model": "admin.logentry", "pk": 7, "fields": {"action_time": "2025-09-19T08:08:48.160Z", "user": 1, "content_type": 8, "object_id": "5", "object_repr": "Image #2 for AZCOM Bi-A Club", "action_flag": 1, "change_message": "[{\"added\": {}}]"}}, {"model": "admin.logentry", "pk": 8, "fields": {"action_time": "2025-09-19T08:09:00.162Z", "user": 1, "content_type": 8, "object_id": "6", "object_repr": "Image #3 for AZCOM Bi-A Club", "action_flag": 1, "change_message": "[{\"added\": {}}]"}}, {"model": "admin.logentry", "pk": 9, "fields": {"action_time": "2025-09-19T08:10:47.155Z", "user": 1, "content_type": 7, "object_id": "3", "object_repr": "CK Billiards", "action_flag": 1, "change_message": "[{\"added\": {}}]"}}, {"model": "admin.logentry", "pk": 10, "fields": {"action_time": "2025-09-19T08:12:08.348Z", "user": 1, "content_type": 7, "object_id": "4", "object_repr": "Chill Billiard Club", "action_flag": 1, "change_message": "[{\"added\": {}}]"}}, {"model": "admin.logentry", "pk": 11, "fields": {"action_time": "2025-09-19T08:13:37.611Z", "user": 1, "content_type": 7, "object_id": "5", "object_repr": "KF POOL ARENA", "action_flag": 1, "change_message": "[{\"added\": {}}]"}}, {"model": "admin.logentry", "pk": 12, "fields": {"action_time": "2025-09-19T08:17:00.270Z", "user": 1, "content_type": 7, "object_id": "6", "object_repr": "Marcus Billiards Club", "action_flag": 1, "change_message": "[{\"added\": {}}]"}}, {"model": "admin.logentry", "pk": 13, "fields": {"action_time": "2025-09-19T08:18:40.585Z", "user": 1, "content_type": 7, "object_id": "7", "object_repr": "Kiên Pháp Billiards", "action_flag": 1, "change_message": "[{\"added\": {}}]"}}, {"model": "admin.logentry", "pk": 14, "fields": {"action_time": "2025-09-19T08:20:06.286Z", "user": 1, "content_type": 7, "object_id": "8", "object_repr": "Mộc Pool Arena", "action_flag": 1, "change_message": "[{\"added\": {}}]"}}, {"model": "admin.logentry", "pk": 15, "fields": {"action_time": "2025-09-19T08:24:52.890Z", "user": 1, "content_type": 7, "object_id": "9", "object_repr": "May Billiard Arena 2", "action_flag": 1, "change_message": "[{\"added\": {}}]"}}, {"model": "admin.logentry", "pk": 16, "fields": {"action_time": "2025-09-19T08:26:55.640Z", "user": 1, "content_type": 7, "object_id": "10", "object_repr": "Rolling Billiards Club", "action_flag": 1, "change_message": "[{\"added\": {}}]"}}, {"model": "admin.logentry", "pk": 17, "fields": {"action_time": "2025-09-19T08:28:10.658Z", "user": 1, "content_type": 7, "object_id": "11", "object_repr": "An Nhiệt Billiards Nguyễn Chí Thanh", "action_flag": 1, "change_message": "[{\"added\": {}}]"}}, {"model": "admin.logentry", "pk": 18, "fields": {"action_time": "2025-09-19T08:29:36.648Z", "user": 1, "content_type": 7, "object_id": "12", "object_repr": "Cubic Premium Billiard", "action_flag": 1, "change_message": "[{\"added\": {}}]"}}, {"model": "admin.logentry", "pk": 19, "fields": {"action_time": "2025-09-19T13:38:38.619Z", "user": 1, "content_type": 7, "object_id": "13", "object_repr": "MANUP Billiards - Nguyễn Văn Tuyết", "action_flag": 1, "change_message": "[{\"added\": {}}]"}}, {"model": "admin.logentry", "pk": 20, "fields": {"action_time": "2025-09-19T13:40:22.226Z", "user": 1, "content_type": 7, "object_id": "14", "object_repr": "HT Billiards Club", "action_flag": 1, "change_message": "[{\"added\": {}}]"}}, {"model": "admin.logentry", "pk": 21, "fields": {"action_time": "2025-09-19T13:42:44.559Z", "user": 1, "content_type": 7, "object_id": "15", "object_repr": "King Billiards Club", "action_flag": 1, "change_message": "[{\"added\": {}}]"}}, {"model": "admin.logentry", "pk": 22, "fields": {"action_time": "2025-09-19T13:43:48.691Z", "user": 1, "content_type": 7, "object_id": "16", "object_repr": "Phòng tập Tkon Billiards 2", "action_flag": 1, "change_message": "[{\"added\": {}}]"}}, {"model": "admin.logentry", "pk": 23, "fields": {"action_time": "2025-09-19T13:46:06.528Z", "user": 1, "content_type": 7, "object_id": "17", "object_repr": "SAM Billiard ARENA", "action_flag": 1, "change_message": "[{\"added\": {}}]"}}, {"model": "admin.logentry", "pk": 24, "fields": {"action_time": "2025-09-19T13:48:24.837Z", "user": 1, "content_type": 7, "object_id": "18", "object_repr": "An Nhiệt Billiards Chợ Mơ", "action_flag": 1, "change_message": "[{\"added\": {}}]"}}, {"model": "admin.logentry", "pk": 25, "fields": {"action_time": "2025-09-19T13:49:55.210Z", "user": 1, "content_type": 7, "object_id": "19", "object_repr": "Ultra Billiards Club", "action_flag": 1, "change_message": "[{\"added\": {}}]"}}, {"model": "admin.logentry", "pk": 26, "fields": {"action_time": "2025-09-19T13:50:22.559Z", "user": 1, "content_type": 7, "object_id": "16", "object_repr": "Phòng tập Tkon Billiards 2", "action_flag": 2, "change_message": "[{\"changed\": {\"fields\": [\"Link\"]}}]"}}, {"model": "admin.logentry", "pk": 27, "fields": {"action_time": "2025-09-19T13:50:48.137Z", "user": 1, "content_type": 7, "object_id": "15", "object_repr": "King Billiards Club", "action_flag": 2, "change_message": "[{\"changed\": {\"fields\": [\"Link\"]}}]"}}, {"model": "admin.logentry", "pk": 28, "fields": {"action_time": "2025-09-19T13:51:08.677Z", "user": 1, "content_type": 7, "object_id": "17", "object_repr": "SAM Billiard ARENA", "action_flag": 2, "change_message": "[{\"changed\": {\"fields\": [\"Link\"]}}]"}}, {"model": "admin.logentry", "pk": 29, "fields": {"action_time": "2025-09-19T13:51:24.499Z", "user": 1, "content_type": 7, "object_id": "18", "object_repr": "An Nhiệt Billiards Chợ Mơ", "action_flag": 2, "change_message": "[]"}}, {"model": "admin.logentry", "pk": 30, "fields": {"action_time": "2025-09-19T13:51:37.608Z", "user": 1, "content_type": 7, "object_id": "19", "object_repr": "Ultra Billiards Club", "action_flag": 2, "change_message": "[]"}}, {"model": "admin.logentry", "pk": 31, "fields": {"action_time": "2025-09-19T13:53:08.005Z", "user": 1, "content_type": 7, "object_id": "20", "object_repr": "Rocket Billiard Times City", "action_flag": 1, "change_message": "[{\"added\": {}}]"}}, {"model": "admin.logentry", "pk": 32, "fields": {"action_time": "2025-09-19T13:54:12.470Z", "user": 1, "content_type": 7, "object_id": "21", "object_repr": "Heroes Billiard Arena", "action_flag": 1, "change_message": "[{\"added\": {}}]"}}, {"model": "admin.logentry", "pk": 33, "fields": {"action_time": "2025-09-19T13:58:40.096Z", "user": 1, "content_type": 7, "object_id": "22", "object_repr": "A3 Billiards Center", "action_flag": 1, "change_message": "[{\"added\": {}}]"}}, {"model": "admin.logentry", "pk": 34, "fields": {"action_time": "2025-09-19T14:00:14.049Z", "user": 1, "content_type": 7, "object_id": "23", "object_repr": "SAM Billiard Arena Giải Phóng", "action_flag": 1, "change_message": "[{\"added\": {}}]"}}, {"model": "admin.logentry", "pk": 35, "fields": {"action_time": "2025-09-19T14:01:46.238Z", "user": 1, "content_type": 7, "object_id": "24", "object_repr": "Phoenix Billiards Club", "action_flag": 1, "change_message": "[{\"added\": {}}]"}}, {"model": "admin.logentry", "pk": 36, "fields": {"action_time": "2025-09-19T14:02:58.049Z", "user": 1, "content_type": 7, "object_id": "25", "object_repr": "Citipool Billiards", "action_flag": 1, "change_message": "[{\"added\": {}}]"}}, {"model": "admin.logentry", "pk": 37, "fields": {"action_time": "2025-09-19T14:04:03.821Z", "user": 1, "content_type": 7, "object_id": "26", "object_repr": "CLB Billiards Mỹ Đình Dpcue x Hsg", "action_flag": 1, "change_message": "[{\"added\": {}}]"}}, {"model": "admin.logentry", "pk": 38, "fields": {"action_time": "2025-09-19T14:12:06.935Z", "user": 1, "content_type": 7, "object_id": "27", "object_repr": "The Billiards House", "action_flag": 1, "change_message": "[{\"added\": {}}]"}}, {"model": "admin.logentry", "pk": 39, "fields": {"action_time": "2025-09-19T14:13:16.250Z", "user": 1, "content_type": 7, "object_id": "28", "object_repr": "HC2 Billiards Arena", "action_flag": 1, "change_message": "[{\"added\": {}}]"}}, {"model": "admin.logentry", "pk": 40, "fields": {"action_time": "2025-09-19T14:14:22.829Z", "user": 1, "content_type": 7, "object_id": "29", "object_repr": "Thái Tuấn Billiards Thanh Xuân", "action_flag": 1, "change_message": "[{\"added\": {}}]"}}, {"model": "admin.logentry", "pk": 41, "fields": {"action_time": "2025-09-19T14:17:04.965Z", "user": 1, "content_type": 7, "object_id": "30", "object_repr": "PK Billiards Club", "action_flag": 1, "change_message": "[{\"added\": {}}]"}}, {"model": "admin.logentry", "pk": 42, "fields": {"action_time": "2025-09-19T14:18:04.573Z", "user": 1, "content_type": 9, "object_id": "1", "object_repr": "APlus", "action_flag": 1, "change_message": "[{\"added\": {}}]"}}, {"model": "admin.logentry", "pk": 43, "fields": {"action_time": "2025-09-19T14:18:11.584Z", "user": 1, "content_type": 9, "object_id": "2", "object_repr": "Alieex", "action_flag": 1, "change_message": "[{\"added\": {}}]"}}, {"model": "admin.logentry", "pk": 44, "fields": {"action_time": "2025-09-19T14:18:17.326Z", "user": 1, "content_type": 9, "object_id": "3", "object_repr": "Alieex Crown S", "action_flag": 1, "change_message": "[{\"added\": {}}]"}}, {"model": "admin.logentry", "pk": 45, "fields": {"action_time": "2025-09-19T14:18:22.090Z", "user": 1, "content_type": 9, "object_id": "4", "object_repr": "Chinese Pool", "action_flag": 1, "change_message": "[{\"added\": {}}]"}}, {"model": "admin.logentry", "pk": 46, "fields": {"action_time": "2025-09-19T14:18:27.118Z", "user": 1, "content_type": 9, "object_id": "5", "object_repr": "Diamond", "action_flag": 1, "change_message": "[{\"added\": {}}]"}}, {"model": "admin.logentry", "pk": 47, "fields": {"action_time": "2025-09-19T14:18:32.416Z", "user": 1, "content_type": 9, "object_id": "6", "object_repr": "KKKing", "action_flag": 1, "change_message": "[{\"added\": {}}]"}}, {"model": "admin.logentry", "pk": 48, "fields": {"action_time": "2025-09-19T14:18:36.365Z", "user": 1, "content_type": 9, "object_id": "7", "object_repr": "KingBilliards", "action_flag": 1, "change_message": "[{\"added\": {}}]"}}, {"model": "admin.logentry", "pk": 49, "fields": {"action_time": "2025-09-19T14:18:42.147Z", "user": 1, "content_type": 9, "object_id": "8", "object_repr": "MIN", "action_flag": 1, "change_message": "[{\"added\": {}}]"}}, {"model": "admin.logentry", "pk": 50, "fields": {"action_time": "2025-09-19T14:18:48.504Z", "user": 1, "content_type": 9, "object_id": "9", "object_repr": "Mit", "action_flag": 1, "change_message": "[{\"added\": {}}]"}}, {"model": "admin.logentry", "pk": 51, "fields": {"action_time": "2025-09-19T14:18:52.889Z", "user": 1, "content_type": 9, "object_id": "10", "object_repr": "Mr Sung", "action_flag": 1, "change_message": "[{\"added\": {}}]"}}, {"model": "admin.logentry", "pk": 52, "fields": {"action_time": "2025-09-19T14:19:00.474Z", "user": 1, "content_type": 9, "object_id": "11", "object_repr": "Peri", "action_flag": 1, "change_message": "[{\"added\": {}}]"}}, {"model": "admin.logentry", "pk": 53, "fields": {"action_time": "2025-09-19T14:19:08.944Z", "user": 1, "content_type": 9, "object_id": "12", "object_repr": "Predator", "action_flag": 1, "change_message": "[{\"added\": {}}]"}}, {"model": "admin.logentry", "pk": 54, "fields": {"action_time": "2025-09-19T14:19:13.818Z", "user": 1, "content_type": 9, "object_id": "13", "object_repr": "Rasson", "action_flag": 1, "change_message": "[{\"added\": {}}]"}}, {"model": "admin.logentry", "pk": 55, "fields": {"action_time": "2025-09-19T14:19:18.542Z", "user": 1, "content_type": 9, "object_id": "14", "object_repr": "Samurai", "action_flag": 1, "change_message": "[{\"added\": {}}]"}}, {"model": "admin.logentry", "pk": 56, "fields": {"action_time": "2025-09-19T14:19:24.458Z", "user": 1, "content_type": 9, "object_id": "15", "object_repr": "Space-X", "action_flag": 1, "change_message": "[{\"added\": {}}]"}}, {"model": "admin.logentry", "pk": 57, "fields": {"action_time": "2025-09-19T14:19:29.632Z", "user": 1, "content_type": 9, "object_id": "16", "object_repr": "TMAZ", "action_flag": 1, "change_message": "[{\"added\": {}}]"}}, {"model": "admin.logentry", "pk": 58, "fields": {"action_time": "2025-09-19T14:19:34.606Z", "user": 1, "content_type": 9, "object_id": "17", "object_repr": "Yalin", "action_flag": 1, "change_message": "[{\"added\": {}}]"}}, {"model": "admin.logentry", "pk": 59, "fields": {"action_time": "2025-09-23T06:33:11.795Z", "user": 1, "content_type": 7, "object_id": "26", "object_repr": "CLB Billiards Mỹ Đình Dpcue x Hsg", "action_flag": 2, "change_message": "[{\"changed\": {\"fields\": [\"Price\"]}}]"}}, {"model": "admin.logentry", "pk": 60, "fields": {"action_time": "2025-09-25T05:26:44.656Z", "user": 1, "content_type": 8, "object_id": "7", "object_repr": "Image #1 for CK Billiards", "action_flag": 1, "change_message": "[{\"added\": {}}]"}}, {"model": "admin.logentry", "pk": 61, "fields": {"action_time": "2025-09-25T05:26:49.576Z", "user": 1, "content_type": 8, "object_id": "1", "object_repr": "Image #1 for Teddy Billiard Club", "action_flag": 2, "change_message": "[]"}}, {"model": "admin.logentry", "pk": 62, "fields": {"action_time": "2025-09-25T05:27:03.589Z", "user": 1, "content_type": 8, "object_id": "8", "object_repr": "Image #2 for CK Billiards", "action_flag": 1, "change_message": "[{\"added\": {}}]"}}, {"model": "admin.logentry", "pk": 63, "fields": {"action_time": "2025-09-25T05:27:19.117Z", "user": 1, "content_type": 8, "object_id": "9", "object_repr": "Image #3 for CK Billiards", "action_flag": 1, "change_message": "[{\"added\": {}}]"}}, {"model": "admin.logentry", "pk": 64, "fields": {"action_time": "2025-09-25T05:27:36.341Z", "user": 1, "content_type": 8, "object_id": "10", "object_repr": "Image #1 for Chill Billiard Club", "action_flag": 1, "change_message": "[{\"added\": {}}]"}}, {"model": "admin.logentry", "pk": 65, "fields": {"action_time": "2025-09-25T05:27:47.638Z", "user": 1, "content_type": 8, "object_id": "11", "object_repr": "Image #2 for Chill Billiard Club", "action_flag": 1, "change_message": "[{\"added\": {}}]"}}, {"model": "admin.logentry", "pk": 66, "fields": {"action_time": "2025-09-25T05:28:00.690Z", "user": 1, "content_type": 8, "object_id": "12", "object_repr": "Image #3 for Chill Billiard Club", "action_flag": 1, "change_message": "[{\"added\": {}}]"}}, {"model": "admin.logentry", "pk": 67, "fields": {"action_time": "2025-09-25T05:28:30.499Z", "user": 1, "content_type": 8, "object_id": "13", "object_repr": "Image #1 for KF POOL ARENA", "action_flag": 1, "change_message": "[{\"added\": {}}]"}}, {"model": "admin.logentry", "pk": 68, "fields": {"action_time": "2025-09-25T05:28:44.844Z", "user": 1, "content_type": 8, "object_id": "14", "object_repr": "Image #2 for KF POOL ARENA", "action_flag": 1, "change_message": "[{\"added\": {}}]"}}, {"model": "admin.logentry", "pk": 69, "fields": {"action_time": "2025-09-25T05:29:00.984Z", "user": 1, "content_type": 8, "object_id": "15", "object_repr": "Image #3 for KF POOL ARENA", "action_flag": 1, "change_message": "[{\"added\": {}}]"}}, {"model": "admin.logentry", "pk": 70, "fields": {"action_time": "2025-09-25T05:29:27.603Z", "user": 1, "content_type": 8, "object_id": "16", "object_repr": "Image #1 for Marcus Billiards Club", "action_flag": 1, "change_message": "[{\"added\": {}}]"}}, {"model": "admin.logentry", "pk": 71, "fields": {"action_time": "2025-09-25T05:29:38.874Z", "user": 1, "content_type": 8, "object_id": "17", "object_repr": "Image #2 for Marcus Billiards Club", "action_flag": 1, "change_message": "[{\"added\": {}}]"}}, {"model": "admin.logentry", "pk": 72, "fields": {"action_time": "2025-09-25T05:30:16.725Z", "user": 1, "content_type": 8, "object_id": "18", "object_repr": "Image #3 for Marcus Billiards Club", "action_flag": 1, "change_message": "[{\"added\": {}}]"}}, {"model": "admin.logentry", "pk": 73, "fields": {"action_time": "2025-09-25T05:30:32.745Z", "user": 1, "content_type": 8, "object_id": "19", "object_repr": "Image #1 for Kiên Pháp Billiards", "action_flag": 1, "change_message": "[{\"added\": {}}]"}}, {"model": "admin.logentry", "pk": 74, "fields": {"action_time": "2025-09-25T05:30:42.968Z", "user": 1, "content_type": 8, "object_id": "20", "object_repr": "Image #2 for Kiên Pháp Billiards", "action_flag": 1, "change_message": "[{\"added\": {}}]"}}, {"model": "admin.logentry", "pk": 75, "fields": {"action_time": "2025-09-25T05:30:54.517Z", "user": 1, "content_type": 8, "object_id": "21", "object_repr": "Image #3 for Kiên Pháp Billiards", "action_flag": 1, "change_message": "[{\"added\": {}}]"}}, {"model": "admin.logentry", "pk": 76, "fields": {"action_time": "2025-09-25T05:31:26.987Z", "user": 1, "content_type": 8, "object_id": "22", "object_repr": "Image #1 for Mộc Pool Arena", "action_flag": 1, "change_message": "[{\"added\": {}}]"}}, {"model": "admin.logentry", "pk": 77, "fields": {"action_time": "2025-09-25T05:31:48.083Z", "user": 1, "content_type": 8, "object_id": "23", "object_repr": "Image #2 for Mộc Pool Arena", "action_flag": 1, "change_message": "[{\"added\": {}}]"}}, {"model": "admin.logentry", "pk": 78, "fields": {"action_time": "2025-09-25T05:32:10.189Z", "user": 1, "content_type": 8, "object_id": "24", "object_repr": "Image #3 for Mộc Pool Arena", "action_flag": 1, "change_message": "[{\"added\": {}}]"}}, {"model": "admin.logentry", "pk": 79, "fields": {"action_time": "2025-09-25T05:34:54.099Z", "user": 1, "content_type": 8, "object_id": "25", "object_repr": "Image #1 for May Billiard Arena 2", "action_flag": 1, "change_message": "[{\"added\": {}}]"}}, {"model": "admin.logentry", "pk": 80, "fields": {"action_time": "2025-09-25T05:35:08.349Z", "user": 1, "content_type": 8, "object_id": "26", "object_repr": "Image #2 for May Billiard Arena 2", "action_flag": 1, "change_message": "[{\"added\": {}}]"}}, {"model": "admin.logentry", "pk": 81, "fields": {"action_time": "2025-09-25T05:35:24.176Z", "user": 1, "content_type": 8, "object_id": "27", "object_repr": "Image #3 for May Billiard Arena 2", "action_flag": 1, "change_message": "[{\"added\": {}}]"}}, {"model": "admin.logentry", "pk": 82, "fields": {"action_time": "2025-09-25T05:35:47.128Z", "user": 1, "content_type": 8, "object_id": "28", "object_repr": "Image #1 for Rolling Billiards Club", "action_flag": 1, "change_message": "[{\"added\": {}}]"}}, {"model": "admin.logentry", "pk": 83, "fields": {"action_time": "2025-09-25T05:36:01.378Z", "user": 1, "content_type": 8, "object_id": "29", "object_repr": "Image #2 for Rolling Billiards Club", "action_flag": 1, "change_message": "[{\"added\": {}}]"}}, {"model": "admin.logentry", "pk": 84, "fields": {"action_time": "2025-09-25T05:36:12.775Z", "user": 1, "content_type": 8, "object_id": "30", "object_repr": "Image #3 for Rolling Billiards Club", "action_flag": 1, "change_message": "[{\"added\": {}}]"}}, {"model": "admin.logentry", "pk": 85, "fields": {"action_time": "2025-09-25T05:36:29.975Z", "user": 1, "content_type": 8, "object_id": "31", "object_repr": "Image #1 for An Nhiệt Billiards Nguyễn Chí Thanh", "action_flag": 1, "change_message": "[{\"added\": {}}]"}}, {"model": "admin.logentry", "pk": 86, "fields": {"action_time": "2025-09-25T05:36:40.507Z", "user": 1, "content_type": 8, "object_id": "32", "object_repr": "Image #2 for An Nhiệt Billiards Nguyễn Chí Thanh", "action_flag": 1, "change_message": "[{\"added\": {}}]"}}, {"model": "admin.logentry", "pk": 87, "fields": {"action_time": "2025-09-25T05:36:51.499Z", "user": 1, "content_type": 8, "object_id": "33", "object_repr": "Image #3 for An Nhiệt Billiards Nguyễn Chí Thanh", "action_flag": 1, "change_message": "[{\"added\": {}}]"}}, {"model": "admin.logentry", "pk": 88, "fields": {"action_time": "2025-09-25T05:43:41.176Z", "user": 1, "content_type": 8, "object_id": "34", "object_repr": "Image #1 for Cubic Premium Billiard", "action_flag": 1, "change_message": "[{\"added\": {}}]"}}, {"model": "admin.logentry", "pk": 89, "fields": {"action_time": "2025-09-25T05:43:52.696Z", "user": 1, "content_type": 8, "object_id": "35", "object_repr": "Image #2 for Cubic Premium Billiard", "action_flag": 1, "change_message": "[{\"added\": {}}]"}}, {"model": "admin.logentry", "pk": 90, "fields": {"action_time": "2025-09-25T05:44:22.102Z", "user": 1, "content_type": 8, "object_id": "36", "object_repr": "Image #3 for Cubic Premium Billiard", "action_flag": 1, "change_message": "[{\"added\": {}}]"}}, {"model": "admin.logentry", "pk": 91, "fields": {"action_time": "2025-09-25T06:54:23.596Z", "user": 1, "content_type": 8, "object_id": "36", "object_repr": "Image #3 for Cubic Premium Billiard", "action_flag": 2, "change_message": "[{\"changed\": {\"fields\": [\"Image\"]}}]"}}, {"model": "admin.logentry", "pk": 92, "fields": {"action_time": "2025-09-25T07:00:28.950Z", "user": 1, "content_type": 8, "object_id": "37", "object_repr": "Image #1 for MANUP Billiards - Nguyễn Văn Tuyết", "action_flag": 1, "change_message": "[{\"added\": {}}]"}}, {"model": "admin.logentry", "pk": 93, "fields": {"action_time": "2025-09-25T07:00:41.412Z", "user": 1, "content_type": 8, "object_id": "38", "object_repr": "Image #2 for MANUP Billiards - Nguyễn Văn Tuyết", "action_flag": 1, "change_message": "[{\"added\": {}}]"}}, {"model": "admin.logentry", "pk": 94, "fields": {"action_time": "2025-09-25T07:00:54.745Z", "user": 1, "content_type": 8, "object_id": "39", "object_repr": "Image #3 for MANUP Billiards - Nguyễn Văn Tuyết", "action_flag": 1, "change_message": "[{\"added\": {}}]"}}, {"model": "admin.logentry", "pk": 95, "fields": {"action_time": "2025-09-25T07:04:03.892Z", "user": 1, "content_type": 8, "object_id": "40", "object_repr": "Image #1 for HT Billiards Club", "action_flag": 1, "change_message": "[{\"added\": {}}]"}}, {"model": "admin.logentry", "pk": 96, "fields": {"action_time": "2025-09-25T07:04:14.985Z", "user": 1, "content_type": 8, "object_id": "41", "object_repr": "Image #2 for HT Billiards Club", "action_flag": 1, "change_message": "[{\"added\": {}}]"}}, {"model": "admin.logentry", "pk": 97, "fields": {"action_time": "2025-09-25T07:04:27.508Z", "user": 1, "content_type": 8, "object_id": "42", "object_repr": "Image #3 for HT Billiards Club", "action_flag": 1, "change_message": "[{\"added\": {}}]"}}, {"model": "admin.logentry", "pk": 98, "fields": {"action_time": "2025-09-25T07:25:50.409Z", "user": 1, "content_type": 8, "object_id": "43", "object_repr": "Image #1 for King Billiards Club", "action_flag": 1, "change_message": "[{\"added\": {}}]"}}, {"model": "admin.logentry", "pk": 99, "fields": {"action_time": "2025-09-25T07:26:08.034Z", "user": 1, "content_type": 8, "object_id": "44", "object_repr": "Image #2 for King Billiards Club", "action_flag": 1, "change_message": "[{\"added\": {}}]"}}, {"model": "admin.logentry", "pk": 100, "fields": {"action_time": "2025-09-25T07:28:38.949Z", "user": 1, "content_type": 8, "object_id": "45", "object_repr": "Image #3 for King Billiards Club", "action_flag": 1, "change_message": "[{\"added\": {}}]"}}, {"model": "admin.logentry", "pk": 101, "fields": {"action_time": "2025-09-25T07:42:44.288Z", "user": 1, "content_type": 7, "object_id": "31", "object_repr": "18 Billiards Club", "action_flag": 1, "change_message": "[{\"added\": {}}]"}}, {"model": "admin.logentry", "pk": 102, "fields": {"action_time": "2025-09-25T08:01:39.666Z", "user": 1, "content_type": 7, "object_id": "32", "object_repr": "VÃ Billiards Club", "action_flag": 1, "change_message": "[{\"added\": {}}]"}}, {"model": "admin.logentry", "pk": 103, "fields": {"action_time": "2025-09-25T08:29:24.433Z", "user": 1, "content_type": 7, "object_id": "33", "object_repr": "Emi Billiards Club", "action_flag": 1, "change_message": "[{\"added\": {}}]"}}, {"model": "admin.logentry", "pk": 104, "fields": {"action_time": "2025-09-25T08:39:34.008Z", "user": 1, "content_type": 7, "object_id": "34", "object_repr": "Zeus Billiards", "action_flag": 1, "change_message": "[{\"added\": {}}]"}}, {"model": "admin.logentry", "pk": 105, "fields": {"action_time": "2025-09-25T08:47:33.054Z", "user": 1, "content_type": 7, "object_id": "35", "object_repr": "Top One Billiards Club", "action_flag": 1, "change_message": "[{\"added\": {}}]"}}, {"model": "admin.logentry", "pk": 106, "fields": {"action_time": "2025-09-25T08:53:15.754Z", "user": 1, "content_type": 7, "object_id": "36", "object_repr": "Galaxy Billiards Club", "action_flag": 1, "change_message": "[{\"added\": {}}]"}}, {"model": "admin.logentry", "pk": 107, "fields": {"action_time": "2025-09-25T09:05:59.352Z", "user": 1, "content_type": 7, "object_id": "37", "object_repr": "999 Billiards Club", "action_flag": 1, "change_message": "[{\"added\": {}}]"}}, {"model": "admin.logentry", "pk": 108, "fields": {"action_time": "2025-09-25T09:13:34.065Z", "user": 1, "content_type": 8, "object_id": "46", "object_repr": "Image #1 for Phòng tập Tkon Billiards 2", "action_flag": 1, "change_message": "[{\"added\": {}}]"}}, {"model": "admin.logentry", "pk": 109, "fields": {"action_time": "2025-09-25T09:13:50.531Z", "user": 1, "content_type": 8, "object_id": "47", "object_repr": "Image #2 for Phòng tập Tkon Billiards 2", "action_flag": 1, "change_message": "[{\"added\": {}}]"}}, {"model": "admin.logentry", "pk": 110, "fields": {"action_time": "2025-09-25T09:14:13.819Z", "user": 1, "content_type": 8, "object_id": "48", "object_repr": "Image #3 for Phòng tập Tkon Billiards 2", "action_flag": 1, "change_message": "[{\"added\": {}}]"}}, {"model": "admin.logentry", "pk": 111, "fields": {"action_time": "2025-09-25T09:17:20.709Z", "user": 1, "content_type": 8, "object_id": "49", "object_repr": "Image #1 for SAM Billiard ARENA", "action_flag": 1, "change_message": "[{\"added\": {}}]"}}, {"model": "admin.logentry", "pk": 112, "fields": {"action_time": "2025-09-25T09:17:48.840Z", "user": 1, "content_type": 8, "object_id": "50", "object_repr": "Image #2 for SAM Billiard ARENA", "action_flag": 1, "change_message": "[{\"added\": {}}]"}}, {"model": "admin.logentry", "pk": 113, "fields": {"action_time": "2025-09-25T09:18:07.509Z", "user": 1, "content_type": 8, "object_id": "51", "object_repr": "Image #3 for SAM Billiard ARENA", "action_flag": 1, "change_message": "[{\"added\": {}}]"}}, {"model": "admin.logentry", "pk": 114, "fields": {"action_time": "2025-09-25T15:01:02.379Z", "user": 1, "content_type": 7, "object_id": "31", "object_repr": "18 Billiards Club", "action_flag": 2, "change_message": "[]"}}, {"model": "admin.logentry", "pk": 115, "fields": {"action_time": "2025-09-26T03:06:28.581Z", "user": 1, "content_type": 10, "object_id": "3", "object_repr": "Review 5★ for 17", "action_flag": 2, "change_message": "[]"}}, {"model": "admin.logentry", "pk": 116, "fields": {"action_time": "2025-09-27T15:11:14.593Z", "user": 1, "content_type": 8, "object_id": "52", "object_repr": "Image #1 for An Nhiệt Billiards Chợ Mơ", "action_flag": 1, "change_message": "[{\"added\": {}}]"}}, {"model": "admin.logentry", "pk": 117, "fields": {"action_time": "2025-09-27T15:11:26.613Z", "user": 1, "content_type": 8, "object_id": "53", "object_repr": "Image #2 for An Nhiệt Billiards Chợ Mơ", "action_flag": 1, "change_message": "[{\"added\": {}}]"}}, {"model": "admin.logentry", "pk": 118, "fields": {"action_time": "2025-09-27T15:11:41.364Z", "user": 1, "content_type": 8, "object_id": "54", "object_repr": "Image #3 for An Nhiệt Billiards Chợ Mơ", "action_flag": 1, "change_message": "[{\"added\": {}}]"}}, {"model": "admin.logentry", "pk": 119, "fields": {"action_time": "2025-09-27T15:17:08.510Z", "user": 1, "content_type": 8, "object_id": "55", "object_repr": "Image #1 for Ultra Billiards Club", "action_flag": 1, "change_message": "[{\"added\": {}}]"}}, {"model": "admin.logentry", "pk": 120, "fields": {"action_time": "2025-09-27T15:17:25.739Z", "user": 1, "content_type": 8, "object_id": "56", "object_repr": "Image #2 for Ultra Billiards Club", "action_flag": 1, "change_message": "[{\"added\": {}}]"}}, {"model": "admin.logentry", "pk": 121, "fields": {"action_time": "2025-09-27T15:17:38.476Z", "user": 1, "content_type": 8, "object_id": "57", "object_repr": "Image #3 for Ultra Billiards Club", "action_flag": 1, "change_message": "[{\"added\": {}}]"}}, {"model": "admin.logentry", "pk": 122, "fields": {"action_time": "2025-09-27T15:22:50.055Z", "user": 1, "content_type": 8, "object_id": "58", "object_repr": "Image #1 for Rocket Billiard Times City", "action_flag": 1, "change_message": "[{\"added\": {}}]"}}, {"model": "admin.logentry", "pk": 123, "fields": {"action_time": "2025-09-27T15:23:03.464Z", "user": 1, "content_type": 8, "object_id": "59", "object_repr": "Image #2 for Rocket Billiard Times City", "action_flag": 1, "change_message": "[{\"added\": {}}]"}}, {"model": "admin.logentry", "pk": 124, "fields": {"action_time": "2025-09-27T15:23:20.516Z", "user": 1, "content_type": 8, "object_id": "60", "object_repr": "Image #3 for Rocket Billiard Times City", "action_flag": 1, "change_message": "[{\"added\": {}}]"}}, {"model": "admin.logentry", "pk": 125, "fields": {"action_time": "2025-09-27T17:00:53.049Z", "user": 1, "content_type": 8, "object_id": "61", "object_repr": "Image #1 for Heroes Billiard Arena", "action_flag": 1, "change_message": "[{\"added\": {}}]"}}, {"model": "admin.logentry", "pk": 126, "fields": {"action_time": "2025-09-27T17:01:03.677Z", "user": 1, "content_type": 8, "object_id": "62", "object_repr": "Image #2 for Heroes Billiard Arena", "action_flag": 1, "change_message": "[{\"added\": {}}]"}}, {"model": "admin.logentry", "pk": 127, "fields": {"action_time": "2025-09-27T17:01:15.579Z", "user": 1, "content_type": 8, "object_id": "63", "object_repr": "Image #3 for Heroes Billiard Arena", "action_flag": 1, "change_message": "[{\"added\": {}}]"}}, {"model": "admin.logentry", "pk": 128, "fields": {"action_time": "2025-09-27T17:04:42.771Z", "user": 1, "content_type": 8, "object_id": "64", "object_repr": "Image #1 for A3 Billiards Center", "action_flag": 1, "change_message": "[{\"added\": {}}]"}}, {"model": "admin.logentry", "pk": 129, "fields": {"action_time": "2025-09-27T17:04:52.068Z", "user": 1, "content_type": 8, "object_id": "65", "object_repr": "Image #2 for A3 Billiards Center", "action_flag": 1, "change_message": "[{\"added\": {}}]"}}, {"model": "admin.logentry", "pk": 130, "fields": {"action_time": "2025-09-27T17:05:03.541Z", "user": 1, "content_type": 8, "object_id": "66", "object_repr": "Image #3 for A3 Billiards Center", "action_flag": 1, "change_message": "[{\"added\": {}}]"}}, {"model": "admin.logentry", "pk": 131, "fields": {"action_time": "2025-09-27T17:10:28.548Z", "user": 1, "content_type": 8, "object_id": "67", "object_repr": "Image #1 for SAM Billiard Arena Giải Phóng", "action_flag": 1, "change_message": "[{\"added\": {}}]"}}, {"model": "admin.logentry", "pk": 132, "fields": {"action_time": "2025-09-27T17:10:43.222Z", "user": 1, "content_type": 8, "object_id": "68", "object_repr": "Image #2 for SAM Billiard Arena Giải Phóng", "action_flag": 1, "change_message": "[{\"added\": {}}]"}}, {"model": "admin.logentry", "pk": 133, "fields": {"action_time": "2025-09-27T17:11:01.623Z", "user": 1, "content_type": 8, "object_id": "69", "object_repr": "Image #3 for SAM Billiard Arena Giải Phóng", "action_flag": 1, "change_message": "[{\"added\": {}}]"}}, {"model": "admin.logentry", "pk": 134, "fields": {"action_time": "2025-10-21T09:48:38.341Z", "user": 1, "content_type": 8, "object_id": "70", "object_repr": "Image #1 for Phoenix Billiards Club", "action_flag": 1, "change_message": "[{\"added\": {}}]"}}, {"model": "admin.logentry", "pk": 135, "fields": {"action_time": "2025-10-21T09:49:05.541Z", "user": 1, "content_type": 8, "object_id": "71", "object_repr": "Image #2 for Phoenix Billiards Club", "action_flag": 1, "change_message": "[{\"added\": {}}]"}}, {"model": "admin.logentry", "pk": 136, "fields": {"action_time": "2025-10-21T09:49:24.507Z", "user": 1, "content_type": 8, "object_id": "72", "object_repr": "Image #3 for Phoenix Billiards Club", "action_flag": 1, "change_message": "[{\"added\": {}}]"}}, {"model": "auth.user", "pk": 1, "fields": {"password": "pbkdf2_sha256$720000$xQFlIK2pAyiYleopYgcKla$lcXPzLNxgGdDE3WdEQp4GSLqGcBbvdlOXCdq12+BPbE=", "last_login": "2025-10-21T09:39:34.859Z", "is_superuser": true, "username": "admin", "first_name": "", "last_name": "", "email": "thanhdat2k2.810@gmail.com", "is_staff": true, "is_active": true, "date_joined": "2025-09-19T08:03:52.361Z", "groups": [], "user_permissions": []}}, {"model": "sessions.session", "pk": "t7nxakq7ngn30j5exi7ykedl45nsokjm", "fields": {"session_data": ".eJxVjMsOwiAQRf-FtSE8C-PSvd9AhgGkaiAp7cr479qkC93ec859sYDbWsM28hLmxM5MstPvFpEeue0g3bHdOqfe1mWOfFf4QQe_9pSfl8P9O6g46rcmECpaBcKTLwoQtTCTQlmMwQxZgkggrIvKy-i0RJ0xWueKk0STd569P8pZN0M:1uzW6Q:OFi0YiYj5OPDTgWyicLHZzkBR7ltnxZ55gyL4LpqADQ", "expire_date": "2025-10-03T08:04:22.961Z"}}, {"model": "sessions.session", "pk": "x1htam7th9gxyqbxonc0ewgill5s1318", "fields": {"session_data": ".eJxVjMsOwiAQRf-FtSE8C-PSvd9AhgGkaiAp7cr479qkC93ec859sYDbWsM28hLmxM5MstPvFpEeue0g3bHdOqfe1mWOfFf4QQe_9pSfl8P9O6g46rcmECpaBcKTLwoQtTCTQlmMwQxZgkggrIvKy-i0RJ0xWueKk0STd569P8pZN0M:1vB8q6:IwaHif-D2-i8-mL9BrJWm7QVqu4KexRNehuVIteOAPY", "expire_date": "2025-11-04T09:39:34.864Z"}}, {"model": "clubs.club", "pk": 1, "fields": {"name": "Teddy Billiard Club", "district": "Cầu Giấy", "type_district": "nội thành", "address": "24 Hoàng Quốc Việt, Nghĩa Đô, Cầu Giấy, Hà Nội", "price": "29k - 39k - 59k", "table": "Samurai, KKKing, Alieex", "review": "Dịch vụ rất tốt, quán sạch sẽ, nhân viên thân thiện vui tính hoà đồng", "rate": 4.5, "link": "https://www.facebook.com/TEDDY.CLB?locale=vi_VN", "image_thumb": "thumb/c1f0d7c2239b463c9ba102b944ecb922.jpg"}}, {"model": "clubs.club", "pk": 2, "fields": {"name": "AZCOM Bi-A Club", "district": "Cầu Giấy", "type_district": "nội thành", "address": "105 Doãn Kế Thiện, Mai Dịch, Cầu Giấy, Hà Nội", "price": "33k - 54k - 63k", "table": "Alieex", "review": "Rộng rãi, sạch sẽ, thái độ nhân viên chưa tốt", "rate": 3.5, "link": "https://www.facebook.com/azcombiaclub?locale=vi_VN", "image_thumb": "thumb/13313054f91749a5b4f7f6226f307a05.jpg"}}, {"model": "clubs.club", "pk": 3, "fields": {"name": "CK Billiards", "district": "Cầu Giấy", "type_district": "nội thành", "address": "80 Khúc Thừa Dụ, Cầu Giấy, Hà Nội", "price": "39k - 49k - 59k", "table": "Mr Sung", "review": "Sạch sẽ, nhân viên phục vụ tốt, tuy nhiên hơi ít bàn", "rate": 4.0, "link": "https://www.facebook.com/CKBilliards/", "image_thumb": "thumb/befada79f64e417f986445cf62492f93.jpg"}}, {"model": "clubs.club", "pk": 4, "fields": {"name": "Chill Billiard Club", "district": "Cầu Giấy", "type_district": "nội thành", "address": "187 Nguyễn Khang, Yên Hòa, Cầu Giấy, Hà Nội", "price": "59k - 129k", "table": "Alieex Crown S24", "review": "Quán có nhiều tầng, nhân viên xinh và chu đáo, decor đẹp, sạch sẽ, giá hơi chát. Có phòng riêng tư", "rate": 4.0, "link": "https://www.facebook.com/chill.billiard?locale=vi_VN", "image_thumb": "thumb/aa7bfa68af3b4618a1437d2f02ef3228.jpg"}}, {"model": "clubs.club", "pk": 5, "fields": {"name": "KF POOL ARENA", "district": "Cầu Giấy", "type_district": "nội thành", "address": "165 Cầu Giấy, Dịch Vọng, Cầu Giấy, Hà Nội", "price": "69k", "table": "Alieex", "review": "Quán rộng, 25 bàn, nhân viên phục vụ tốt,", "rate": 3.5, "link": "https://www.facebook.com/kfpool?locale=vi_VN", "image_thumb": "thumb/a4f717ccf65444f4b6b744ac6dc7e131.jpg"}}, {"model": "clubs.club", "pk": 6, "fields": {"name": "Marcus Billiards Club", "district": "Cầu Giấy", "type_district": "nội thành", "address": "28 Thành Thái, Cầu Giấy, Hà Nội", "price": "58k - 72k", "table": "Rasson", "review": "Không gian quán đẹp, sạch sẽ, nhân viên thân thiện, giá hơi chát", "rate": 3.5, "link": "https://www.facebook.com/profile.php?id=61569323786204", "image_thumb": "thumb/f422f18cc3964097b33773130030c62b.jpg"}}, {"model": "clubs.club", "pk": 7, "fields": {"name": "Kiên Pháp Billiards", "district": "Cầu Giấy", "type_district": "nội thành", "address": "159 Phạm Văn Đồng, Mai Dịch, Cầu Giấy, Hà Nội", "price": "85k - 105k", "table": "KKKing", "review": "Quán đẹp, bàn xịn, hơi ít nhân viên, thái độ nhân viên chưa được tốt", "rate": 3.0, "link": "https://www.facebook.com/kienphapbilliards?locale=vi_VN", "image_thumb": "thumb/c3b2f81a373d4fbc898f683de2fb8866.jpg"}}, {"model": "clubs.club", "pk": 8, "fields": {"name": "Mộc Pool Arena", "district": "Cầu Giấy", "type_district": "nội thành", "address": "115 Phạm Văn Đồng, Mai Dịch, Cầu Giấy, Hà Nội", "price": "39k - 55k - 65k", "table": "Mr Sung", "review": "Quán đẹp, sạch sẽ, nhân viên nhiệt tình", "rate": 4.5, "link": "https://www.facebook.com/profile.php?id=61561340941465", "image_thumb": "thumb/147503555438435b8d197395a7441272.jpg"}}, {"model": "clubs.club", "pk": 9, "fields": {"name": "May Billiard Arena 2", "district": "Đống Đa", "type_district": "nội thành", "address": "170 La Thành, Ô Chợ Dừa, Đống Đa, Hà Nội", "price": "39k - 55k", "table": "KKKing", "review": "Rộng rãi, thoáng mát, bàn, gậy tốt, nhân viên chu đáo", "rate": 5.0, "link": "https://www.facebook.com/profile.php?id=61567420116255", "image_thumb": "thumb/88ba33c0e96146ff8130e4046706d953.jpg"}}, {"model": "clubs.club", "pk": 10, "fields": {"name": "Rolling Billiards Club", "district": "Đống Đa", "type_district": "nội thành", "address": "102 Trường Chinh, Đống Đa, Hà Nội", "price": "50k - 65k - 75k", "table": "Mr Sung, Space-X, KingBilliards", "review": "Rộng rãi, bàn xịn, decor đẹp, nhân viên được đánh giá có thái độ không tốt", "rate": 3.5, "link": "https://www.facebook.com/profile.php?id=61557534165911", "image_thumb": "thumb/3b16e895341f420e9f9a7d1f30ddad36.jpg"}}, {"model": "clubs.club", "pk": 11, "fields": {"name": "An Nhiệt Billiards Nguyễn Chí Thanh", "district": "Đống Đa", "type_district": "nội thành", "address": "91 Nguyễn Chí Thanh, Thành Công, Đống Đa, Hà Nội", "price": "49k - 69k - 99k", "table": "Yalin, Alieex, Diamond", "review": "Quán rộng, bàn với gậy ngon, nhân viên phục vụ tốt", "rate": 4.0, "link": "https://www.facebook.com/profile.php?id=61561069212406", "image_thumb": "thumb/3bb304d43ad944b3859763d41f6a5d81.jpg"}}, {"model": "clubs.club", "pk": 12, "fields": {"name": "Cubic Premium Billiard", "district": "Đống Đa", "type_district": "nội thành", "address": "1174 Đ. Láng, Láng Thượng, Đống Đa, Hà Nội", "price": "49K - 55K - 99K", "table": "Predator, APlus", "review": "Rộng rãi, thoáng mát, sạch sẽ, bàn xịn, nhân viên phục vụ tốt", "rate": 4.0, "link": "https://www.facebook.com/CubicBilliard", "image_thumb": "thumb/5122b8494e244dc1a17500d6933ab08c.jpg"}}, {"model": "clubs.club", "pk": 13, "fields": {"name": "MANUP Billiards - Nguyễn Văn Tuyết", "district": "Đống Đa", "type_district": "nội thành", "address": "84 Nguyễn Văn Tuyết, Đống Đa, Hà Nội", "price": "68k", "table": "Rasson, Mr Sung, TMAZ", "review": "Có nhiều tầng nên cũng khá nhiều bàn, quán tương đối sạch sẽ, chất lượng bàn với gậy hơi xuống cấp, nhân viên phục vụ tốt", "rate": 3.5, "link": "https://www.facebook.com/manup84nguyenvantuyet?locale=vi_VN", "image_thumb": "thumb/b4cdd23b301e4d05a91cf91e9a4cf64c.jpg"}}, {"model": "clubs.club", "pk": 14, "fields": {"name": "HT Billiards Club", "district": "Đống Đa", "type_district": "nội thành", "address": "294 La Thành, Đống Đa, Hà Nội", "price": "39k - 59k", "table": "APlus, Mr Sung", "review": "Quán rộng gậy ngon, nhân viên chăm sóc tốt", "rate": 4.5, "link": "https://www.facebook.com/profile.php?id=61567210450814&_rdc=1&_rdr#", "image_thumb": "thumb/8145c4ec61174df195c254264ff4dbd3.jpg"}}, {"model": "clubs.club", "pk": 15, "fields": {"name": "King Billiards Club", "district": "Đống Đa", "type_district": "nội thành", "address": "185 Hoàng Cầu, Trung Liệt, Đống Đa, Hà Nội", "price": "45k - 80k", "table": "Alieex Crown S, Space X", "review": "Quán rộng nhưng khoảng cách giữa mỗi bàn chưa hợp lý, gậy ổn, nỉ hơi cũ, nhân viên thi thoảng quên khách.", "rate": 4.0, "link": "https://www.facebook.com/kingbilliardclub", "image_thumb": "thumb/0a8f03d7b562431d945bcf326b04c1d8.jpg"}}, {"model": "clubs.club", "pk": 16, "fields": {"name": "Phòng tập Tkon Billiards 2", "district": "Đống Đa", "type_district": "nội thành", "address": "Tầng 7 - 191 Hoàng Cầu , Đống Đa , Hà Nội", "price": "70k", "table": "Peri", "review": "Quán hơi ít bàn, Nỉ Simonis 860 chuẩn thi đấu quốc tế, Gậy peri nhiều mã ngọn Tkon carbon, Đồ uống đỉnh của chóp. Nếu may mắn bạn có thể xin được chữ ký khầy Tkon ở đây =))))", "rate": 5.0, "link": "https://www.facebook.com/profile.php?id=61573000227752", "image_thumb": "thumb/aa33879726d44b929e2acf90b0c58fae.jpg"}}, {"model": "clubs.club", "pk": 17, "fields": {"name": "SAM Billiard ARENA", "district": "Hai Bà Trưng", "type_district": "nội thành", "address": "488 Minh Khai, Vĩnh Tuy, Hai Bà Trưng, Hà Nội", "price": "39k - 65k", "table": "KKKing, Chinese pool", "review": "Quán nhiều bàn, rộng rãi, bàn gậy xịn xò, có khu không hút thuốc cho ai sợ ám mùi, nhân viên xinh gái, nhiệt tình. Đồ uống đa dạng", "rate": 5.0, "link": "https://www.facebook.com/SamBilliard524MinhKhai", "image_thumb": "thumb/2bfeeef7b4c74f5bbb1fa37859375fae.jpg"}}, {"model": "clubs.club", "pk": 18, "fields": {"name": "An Nhiệt Billiards Chợ Mơ", "district": "Hai Bà Trưng", "type_district": "nội thành", "address": "Tầng 5 - TTTM Chợ Mơ, 459 Bạch Mai, Hai Bà Trưng, Hà Nội", "price": "65k", "table": "Peri, Yalin, Alieex Crown S", "review": "Quán nhiều bàn, rộng rãi, bàn gậy xịn xò, nhân viên nhiệt tình. Đồ uống đa dạng", "rate": 5.0, "link": "https://www.facebook.com/profile.php?id=61567172311814", "image_thumb": "thumb/35b4e8b44f86454fad6586f3013ba763.jpg"}}, {"model": "clubs.club", "pk": 19, "fields": {"name": "Ultra Billiards Club", "district": "Hai Bà Trưng", "type_district": "nội thành", "address": "140 Trần Đại Nghĩa, Hai Bà Trưng, Hà Nội", "price": "39k - 88k", "table": "Aileex Crown S, Predator", "review": "Quán nhiều bàn, nhân viên phục vụ tốt, quán trang bị gậy phá nhảy poison, bảng tỉ số xịn xò. Băng bàn cứng, lỗ nhỏ nên hơi khó chơi.", "rate": 4.5, "link": "https://www.facebook.com/ultrabilliards140tdn", "image_thumb": "thumb/d88bb9dd9b7642f8801e2556f238817e.jpg"}}, {"model": "clubs.club", "pk": 20, "fields": {"name": "Rocket Billiard Times City", "district": "Hai Bà Trưng", "type_district": "nội thành", "address": "458 P. Minh Khai, Khu đô thị Times City, Hai Bà Trưng, Hà Nội", "price": "69k", "table": "Yalin, Aileex", "review": "Quán đẹp, dịch vụ tốt, nhân viên nhiệt tình, tuy nhiên thái độ thu ngân chưa tốt", "rate": 3.5, "link": "https://www.facebook.com/RocketBilliard.TimesCity", "image_thumb": "thumb/dd9cad4bb39e4aab960f3532d6d93768.jpg"}}, {"model": "clubs.club", "pk": 21, "fields": {"name": "Heroes Billiard Arena", "district": "Hai Bà Trưng", "type_district": "nội thành", "address": "368 Bạch Mai, Hai Bà Trưng, Hà Nội", "price": "39k - 80k", "table": "Space-X, Diamond", "review": "Quán nhiều bàn, rộng rãi, gậy tốt, có bảng tỉ số. Chỉ có 1 thang máy đi lên nên đi lại giữa các tầng khá khó khăn.", "rate": 4.0, "link": "https://www.facebook.com/profile.php?id=61563877902672", "image_thumb": "thumb/382756ce08ab424193d547fe2b41dcd8.jpg"}}, {"model": "clubs.club", "pk": 22, "fields": {"name": "A3 Billiards Center", "district": "Hoài Đức", "type_district": "ngoại thành", "address": "Biệt thự JA-06 l, An Khánh, Hoài Đức, Hà Nội", "price": "50k", "table": "Alieex Crown S", "review": "Quán rộng, có 2 tầng, bàn với gậy tạm ổn, được cái quán rất nhiều nhân viên nữ, phục vụ chuyên nghiệp", "rate": 4.0, "link": "https://www.facebook.com/a3bida.tdbs/", "image_thumb": "thumb/faec01632843455c8a486555bae426b4.jpg"}}, {"model": "clubs.club", "pk": 23, "fields": {"name": "SAM Billiard Arena Giải Phóng", "district": "Hoàng Mai", "type_district": "nội thành", "address": "897 Giải Phóng,  Hoàng Mai, Hà Nội", "price": "39k - 45k - 55k", "table": "KKKing", "review": "Quán rộng, bàn bóng nỉ tốt, nhân viên xinh xắn chu đáo, giá chơi hợp lý", "rate": 5.0, "link": "https://www.facebook.com/profile.php?id=61551579252283", "image_thumb": "thumb/5ad8b352b9634526bab15ee7968af23b.jpg"}}, {"model": "clubs.club", "pk": 24, "fields": {"name": "Phoenix Billiards Club", "district": "Nam Từ Liêm", "type_district": "nội thành", "address": "226 Nguyễn Văn Giáp - Cầu Diễn - Nam Từ Liêm - Hà Nội", "price": "39k - 49k - 59k", "table": "Mr Sung, Alieex Crown S", "review": "Quán sạch sẽ, 2 tầng nên có nhiều bàn, nhân viên nhiệt tình, đặc biệt nhân viên tầng 2 xinh, đồ uống hơi đắt", "rate": 4.0, "link": "https://www.facebook.com/profile.php?id=100094013424646&locale=mt_MT", "image_thumb": "thumb/4de100a221784cd0bb132d629ca967ca.jpg"}}, {"model": "clubs.club", "pk": 25, "fields": {"name": "Citipool Billiards", "district": "Nam Từ Liêm", "type_district": "nội thành", "address": "CT3-ĐN3, Trung Văn, Nam Từ Liêm, Hà Nội", "price": "33k - 60k", "table": "Mr Sung", "review": "Quán mới bàn mới tinh, xếp bi khá xinh nhưng khi quán đông khách gọi xếp bi hơi lâu. Bù lại giá quá hợp lí", "rate": 4.5, "link": "https://www.facebook.com/profile.php?id=61576764058773", "image_thumb": "thumb/8644ac48cb774b278908176e96f4028d.jpg"}}, {"model": "clubs.club", "pk": 26, "fields": {"name": "CLB Billiards Mỹ Đình Dpcue x Hsg", "district": "Nam Từ Liêm", "type_district": "nội thành", "address": "Tầng 1&2 Khán đài B Sân vận động Quốc Gia Mỹ Đình", "price": "39k - 49k - 89k", "table": "Rasson, Rasson Wolf", "review": "Quán rộng rãi , nhiều bàn, gậy hơi cũ, nhân viên nhiều nữ chăm sóc khách hàng tốt.Quán có khu vực thi đấu mang lại cảm giác mới mẻ.", "rate": 4.5, "link": "https://www.facebook.com/ClubBilliardsMyDinhHSGxDPCUES", "image_thumb": "thumb/1a9cb6937bc348c98d866162a1cd3743.jpg"}}, {"model": "clubs.club", "pk": 27, "fields": {"name": "The Billiards House", "district": "Thanh Xuân", "type_district": "nội thành", "address": "282 Nguyễn Huy Tưởng, Thanh Xuân, HN", "price": "48k - 80k", "table": "KKKing", "review": "Quán rộng, nỉ thay mới thường xuyên, gậy khá cũ, nhân viên nhiều nữ", "rate": 4.0, "link": "https://www.facebook.com/thebilliardshouse", "image_thumb": "thumb/0c9b72f6ce6744328641e725cc8dd071.jpg"}}, {"model": "clubs.club", "pk": 28, "fields": {"name": "HC2 Billiards Arena", "district": "Thanh Xuân", "type_district": "nội thành", "address": "Tầng 1 Tòa A - Việt Đức Compex Ngõ 187 Nguyễn Tuân, Thanh Xuân", "price": "29k - 65k", "table": "Mr Sung", "review": "Quán rộng, nỉ hơi cũ, gậy ổn, hơi ít nhân viên nhưng nhiệt tình, chu đáo", "rate": 4.5, "link": "https://www.facebook.com/profile.php?id=61568806162036", "image_thumb": "thumb/478aadba68b648c085901aace45f7d82.jpg"}}, {"model": "clubs.club", "pk": 29, "fields": {"name": "Thái Tuấn Billiards Thanh Xuân", "district": "Thanh Xuân", "type_district": "nội thành", "address": "Tầng 1 Toà B Việt Đức Complex - 39 Lê Văn Lương, Thanh Xuân, HN", "price": "60k", "table": "Alieex Crown S", "review": "Quán rộng, bàn bóng gậy tốt, nhân viên chu đáo, có chương trình tập 1 mình free từ 8h-18h", "rate": 4.0, "link": "https://www.facebook.com/thaituanbilliardclub", "image_thumb": "thumb/0bcecf03dac047c38e9e93581c5898f1.jpg"}}, {"model": "clubs.club", "pk": 30, "fields": {"name": "PK Billiards Club", "district": "Thanh Xuân", "type_district": "nội thành", "address": "Số 9, Hoàng Ngân, Nhân Chính, Thanh Xuân, Hà Nội", "price": "60k", "table": "Mr Sung", "review": "Quán rộng rãi, bàn gậy tốt, ít nhân viên nên chưa được quan tâm nhiều lắm", "rate": 4.0, "link": "https://www.facebook.com/pkbilliardsclub", "image_thumb": "thumb/64efeb4c308944278ff8363e272f4d47.jpg"}}, {"model": "clubs.club", "pk": 31, "fields": {"name": "18 Billiards Club", "district": "Hoài Đức", "type_district": "ngoại thành", "address": "Số 252 đường Vạn Xuân, TT. Trạm Trôi, Hoài Đức, Hà Nội", "price": "39k - 55k", "table": "Rasson", "review": "Rộng rãi, sạch sẽ, nhiều bàn, nhưng hơi ít nhân viên", "rate": 4.0, "link": "https://www.facebook.com/profile.php?id=61572136075762", "image_thumb": "thumb/8d293efbae064b0683451e5978444f69.jpg"}}, {"model": "clubs.club", "pk": 32, "fields": {"name": "VÃ Billiards Club", "district": "Hoài Đức", "type_district": "ngoại thành", "address": "Tầng 2 Toà A1.2 Chung cư THT New City, Kim Chung, Hoài Đức, Hà Nội", "price": "29k", "table": "APlus", "review": "Quán mới khai trương nên giá đang được ưu đãi", "rate": 4.0, "link": "https://www.facebook.com/va.billiards.club", "image_thumb": "thumb/028233eabd3147358a21f530bd18e188.jpg"}}, {"model": "clubs.club", "pk": 33, "fields": {"name": "Emi Billiards Club", "district": "Hoài Đức", "type_district": "ngoại thành", "address": "Lideco Plaza, Khu đô thị Lideco, Trạm trôi, Hoài Đức, Hà Nội", "price": "41k", "table": "Mr Sung", "review": "Tương đối thoáng và sạch sẽ, bàn ổn", "rate": 4.0, "link": "https://www.facebook.com/EmiBilliardsClub/", "image_thumb": "thumb/90b48f0da198496a9725a78afec031a9.jpg"}}, {"model": "clubs.club", "pk": 34, "fields": {"name": "Zeus Billiards", "district": "Thanh Xuân", "type_district": "nội thành", "address": "Tầng 1, toà G5 chung cư FiveStar Kim Giang, Thanh Xuân, Hà Nội", "price": "39k - 59k - 69k", "table": "Mr Sung", "review": "Rộng rãi, sạch sẽ, decor đẹp", "rate": 4.0, "link": "https://www.facebook.com/profile.php?id=61561816181362&locale=vi_VN", "image_thumb": "thumb/e980f1b513ae4c3e90f96097b4a9321f.jpg"}}, {"model": "clubs.club", "pk": 35, "fields": {"name": "Top One Billiards Club", "district": "Thạch Thất", "type_district": "ngoại thành", "address": "Cụm 5 Thôn 3 , Xã Thạch Hòa, Huyện Thạch Thất, Hà Nội", "price": "50k", "table": "Alieex Crown S", "review": "Khá rộng và nhiều bàn, sạch sẽ, nhân viên nhiệt tình, giá hợp lí", "rate": 4.5, "link": "https://www.facebook.com/toponebilliardsclubthachhoa", "image_thumb": "thumb/0b5ce2180c3c4d45bad8ff00269a7361.jpg"}}, {"model": "clubs.club", "pk": 36, "fields": {"name": "Galaxy Billiards Club", "district": "Thạch Thất", "type_district": "ngoại thành", "address": "QL-21A-Thôn 4-Thạch Hoà-Thạch Thất-Hà Nội", "price": "50k", "table": "Samurai", "review": "Rộng rãi, hơi ít nhân viên, chất lượng bàn hơi xuống cấp", "rate": 4.0, "link": "https://www.facebook.com/profile.php?id=61557091156519", "image_thumb": "thumb/418dad2a73ab4eab81bfcc169a5df7cb.jpg"}}, {"model": "clubs.club", "pk": 37, "fields": {"name": "999 Billiards Club", "district": "Thạch Thất", "type_district": "ngoại thành", "address": "194 thôn 3, Thạch Hòa, Thạch Thất, Hà Nội", "price": "50k", "table": "Alieex Crown S, APlus", "review": "Sạch sẽ, rộng rãi thoáng mát, nhân viên nhiệt tình", "rate": 4.0, "link": "https://www.facebook.com/profile.php?id=100086048001528&locale=vi_VN", "image_thumb": "thumb/32369846af174d27b0d9273f4fbc2e69.jpg"}}, {"model": "clubs.clubimage", "pk": 1, "fields": {"club": 1, "image": "slider/1/4c20b2246004402fbc40632685b3de48.jpg", "display_order": 1, "uploaded_at": "2025-09-19T08:05:47.430Z"}}, {"model": "clubs.clubimage", "pk": 2, "fields": {"club": 1, "image": "slider/1/c5d9a48cd85844ad84111cbe4a73baba.jpg", "display_order": 2, "uploaded_at": "2025-09-19T08:06:01.898Z"}}, {"model": "clubs.clubimage", "pk": 3, "fields": {"club": 1, "image": "slider/1/0f252de2c41f4853bcfa74ab7f7969c3.jpg", "display_order": 3, "uploaded_at": "2025-09-19T08:06:15.585Z"}}, {"model": "clubs.clubimage", "pk": 4, "fields": {"club": 2, "image": "slider/2/d208765cd9a841cdbe633d3bc972ef51.jpg", "display_order": 1, "uploaded_at": "2025-09-19T08:08:31.544Z"}}, {"model": "clubs.clubimage", "pk": 5, "fields": {"club": 2, "image": "slider/2/e3879cb5eab44ebaa53fe1397bd2f3a9.jpg", "display_order": 2, "uploaded_at": "2025-09-19T08:08:48.159Z"}}, {"model": "clubs.clubimage", "pk": 6, "fields": {"club": 2, "image": "slider/2/ac6dce571d9e45bbb8aff632b7c6b580.jpg", "display_order": 3, "uploaded_at": "2025-09-19T08:09:00.161Z"}}, {"model": "clubs.clubimage", "pk": 7, "fields": {"club": 3, "image": "slider/3/80f23fa8a65b44c4b95cfae4a9eec300.jpg", "display_order": 1, "uploaded_at": "2025-09-25T05:26:44.653Z"}}, {"model": "clubs.clubimage", "pk": 8, "fields": {"club": 3, "image": "slider/3/c8c6d98891d9475db796547aeeb0de6f.jpg", "display_order": 2, "uploaded_at": "2025-09-25T05:27:03.588Z"}}, {"model": "clubs.clubimage", "pk": 9, "fields": {"club": 3, "image": "slider/3/29a268e80066491d9bf31d9d8b48a58f.jpg", "display_order": 3, "uploaded_at": "2025-09-25T05:27:19.116Z"}}, {"model": "clubs.clubimage", "pk": 10, "fields": {"club": 4, "image": "slider/4/f29afc8a141a439ba81d6051fcd330b2.jpg", "display_order": 1, "uploaded_at": "2025-09-25T05:27:36.340Z"}}, {"model": "clubs.clubimage", "pk": 11, "fields": {"club": 4, "image": "slider/4/e60d5624baf440909e8a68d239f92cde.jpg", "display_order": 2, "uploaded_at": "2025-09-25T05:27:47.637Z"}}, {"model": "clubs.clubimage", "pk": 12, "fields": {"club": 4, "image": "slider/4/fc1a0844b31e422f9f89a3cdaaab0cee.jpg", "display_order": 3, "uploaded_at": "2025-09-25T05:28:00.688Z"}}, {"model": "clubs.clubimage", "pk": 13, "fields": {"club": 5, "image": "slider/5/11d971f12e384d16a050f91245d490a9.jpg", "display_order": 1, "uploaded_at": "2025-09-25T05:28:30.498Z"}}, {"model": "clubs.clubimage", "pk": 14, "fields": {"club": 5, "image": "slider/5/a2236d91ddd0434aa6b6587ce9859959.jpg", "display_order": 2, "uploaded_at": "2025-09-25T05:28:44.843Z"}}, {"model": "clubs.clubimage", "pk": 15, "fields": {"club": 5, "image": "slider/5/0ff27ded3d8943e6aadb58139ae7816f.jpg", "display_order": 3, "uploaded_at": "2025-09-25T05:29:00.983Z"}}, {"model": "clubs.clubimage", "pk": 16, "fields": {"club": 6, "image": "slider/6/5dcca74a7f484bfb9ee75ebef6b8d751.jpg", "display_order": 1, "uploaded_at": "2025-09-25T05:29:27.602Z"}}, {"model": "clubs.clubimage", "pk": 17, "fields": {"club": 6, "image": "slider/6/930a40be09b24dfe848694cd0585ed1a.jpg", "display_order": 2, "uploaded_at": "2025-09-25T05:29:38.873Z"}}, {"model": "clubs.clubimage", "pk": 18, "fields": {"club": 6, "image": "slider/6/4cf36851a5264cccbe30a12157991e68.jpg", "display_order": 3, "uploaded_at": "2025-09-25T05:30:16.723Z"}}, {"model": "clubs.clubimage", "pk": 19, "fields": {"club": 7, "image": "slider/7/b274a5c4aded49a6b449800f92798a5a.jpg", "display_order": 1, "uploaded_at": "2025-09-25T05:30:32.743Z"}}, {"model": "clubs.clubimage", "pk": 20, "fields": {"club": 7, "image": "slider/7/82414dda2d5b4d2f84f75f524ed02137.jpg", "display_order": 2, "uploaded_at": "2025-09-25T05:30:42.967Z"}}, {"model": "clubs.clubimage", "pk": 21, "fields": {"club": 7, "image": "slider/7/e34ae5a6f47e48e9a27b1308b17a375b.jpg", "display_order": 3, "uploaded_at": "2025-09-25T05:30:54.516Z"}}, {"model": "clubs.clubimage", "pk": 22, "fields": {"club": 8, "image": "slider/8/ddd0b35468644769819e836333f3ea1f.jpg", "display_order": 1, "uploaded_at": "2025-09-25T05:31:26.986Z"}}, {"model": "clubs.clubimage", "pk": 23, "fields": {"club": 8, "image": "slider/8/4d3904522340463aab4b21bf667fbd09.jpg", "display_order": 2, "uploaded_at": "2025-09-25T05:31:48.082Z"}}, {"model": "clubs.clubimage", "pk": 24, "fields": {"club": 8, "image": "slider/8/8573f3d926ac4ddda42f00472f1d03f2.jpg", "display_order": 3, "uploaded_at": "2025-09-25T05:32:10.188Z"}}, {"model": "clubs.clubimage", "pk": 25, "fields": {"club": 9, "image": "slider/9/97772e247d60440097740224091efbb6.jpg", "display_order": 1, "uploaded_at": "2025-09-25T05:34:54.098Z"}}, {"model": "clubs.clubimage", "pk": 26, "fields": {"club": 9, "image": "slider/9/ed5551153aaf4f8198b9a32ee1ab83d0.jpg", "display_order": 2, "uploaded_at": "2025-09-25T05:35:08.348Z"}}, {"model": "clubs.clubimage", "pk": 27, "fields": {"club": 9, "image": "slider/9/db65cc69d5b84b8780afc55f69639c5f.jpg", "display_order": 3, "uploaded_at": "2025-09-25T05:35:24.175Z"}}, {"model": "clubs.clubimage", "pk": 28, "fields": {"club": 10, "image": "slider/10/0890421ee4e341adbd4e373457f826d7.jpg", "display_order": 1, "uploaded_at": "2025-09-25T05:35:47.127Z"}}, {"model": "clubs.clubimage", "pk": 29, "fields": {"club": 10, "image": "slider/10/cc79fa36481b407fa947b076d08b1c16.jpg", "display_order": 2, "uploaded_at": "2025-09-25T05:36:01.377Z"}}, {"model": "clubs.clubimage", "pk": 30, "fields": {"club": 10, "image": "slider/10/7a672683d90d4144b24f4e0fcfdb1d89.jpg", "display_order": 3, "uploaded_at": "2025-09-25T05:36:12.774Z"}}, {"model": "clubs.clubimage", "pk": 31, "fields": {"club": 11, "image": "slider/11/1a7914059c11417083811500056ac7c3.jpg", "display_order": 1, "uploaded_at": "2025-09-25T05:36:29.974Z"}}, {"model": "clubs.clubimage", "pk": 32, "fields": {"club": 11, "image": "slider/11/0feedfb6cabb4c5baff4454f6b76025d.jpg", "display_order": 2, "uploaded_at": "2025-09-25T05:36:40.506Z"}}, {"model": "clubs.clubimage", "pk": 33, "fields": {"club": 11, "image": "slider/11/9c0eb5f3e1a74c23bbd3e86a5338fa26.jpg", "display_order": 3, "uploaded_at": "2025-09-25T05:36:51.498Z"}}, {"model": "clubs.clubimage", "pk": 34, "fields": {"club": 12, "image": "slider/12/37dd600b58da4a50ab90b98345199a36.jpg", "display_order": 1, "uploaded_at": "2025-09-25T05:43:41.176Z"}}, {"model": "clubs.clubimage", "pk": 35, "fields": {"club": 12, "image": "slider/12/cf0ea59e79bb498b8c4c604931e39c67.jpg", "display_order": 2, "uploaded_at": "2025-09-25T05:43:52.694Z"}}, {"model": "clubs.clubimage", "pk": 36, "fields": {"club": 12, "image": "slider/12/448df2378845480c8646fe7c11ce0ec0.jpg", "display_order": 3, "uploaded_at": "2025-09-25T05:44:22.101Z"}}, {"model": "clubs.clubimage", "pk": 37, "fields": {"club": 13, "image": "slider/13/2c68ba975e3e46e8900b9dc41d9b97da.jpg", "display_order": 1, "uploaded_at": "2025-09-25T07:00:28.948Z"}}, {"model": "clubs.clubimage", "pk": 38, "fields": {"club": 13, "image": "slider/13/e8fa00873f584a7fbcf10277edf9a23a.jpg", "display_order": 2, "uploaded_at": "2025-09-25T07:00:41.411Z"}}, {"model": "clubs.clubimage", "pk": 39, "fields": {"club": 13, "image": "slider/13/d07b92dae33d42a7b244695ffb245a2e.jpg", "display_order": 3, "uploaded_at": "2025-09-25T07:00:54.744Z"}}, {"model": "clubs.clubimage", "pk": 40, "fields": {"club": 14, "image": "slider/14/981dc15ee93c4d09ac99dab54553125c.jpg", "display_order": 1, "uploaded_at": "2025-09-25T07:04:03.891Z"}}, {"model": "clubs.clubimage", "pk": 41, "fields": {"club": 14, "image": "slider/14/6eedffabaa9c417b84de799f4ead3853.jpg", "display_order": 2, "uploaded_at": "2025-09-25T07:04:14.984Z"}}, {"model": "clubs.clubimage", "pk": 42, "fields": {"club": 14, "image": "slider/14/025bf076307f4ecbbdee78254b1d60e3.jpg", "display_order": 3, "uploaded_at": "2025-09-25T07:04:27.508Z"}}, {"model": "clubs.clubimage", "pk": 43, "fields": {"club": 15, "image": "slider/15/e72eef471f2f4042b712e584aa47240e.jpg", "display_order": 1, "uploaded_at": "2025-09-25T07:25:50.407Z"}}, {"model": "clubs.clubimage", "pk": 44, "fields": {"club": 15, "image": "slider/15/d3ba3bbd27454be08ac2845bed468173.jpg", "display_order": 2, "uploaded_at": "2025-09-25T07:26:08.033Z"}}, {"model": "clubs.clubimage", "pk": 45, "fields": {"club": 15, "image": "slider/15/982fee12fb7d4da8a0fa3f818daa4583.jpg", "display_order": 3, "uploaded_at": "2025-09-25T07:28:38.948Z"}}, {"model": "clubs.clubimage", "pk": 46, "fields": {"club": 16, "image": "slider/16/a095a587defd4e0b971e56f2569f80c1.jpg", "display_order": 1, "uploaded_at": "2025-09-25T09:13:34.064Z"}}, {"model": "clubs.clubimage", "pk": 47, "fields": {"club": 16, "image": "slider/16/e48fd8a0b286414f9cda75a544ea33d0.jpg", "display_order": 2, "uploaded_at": "2025-09-25T09:13:50.529Z"}}, {"model": "clubs.clubimage", "pk": 48, "fields": {"club": 16, "image": "slider/16/3964040e6c8144fa89bcda9f37a96f1e.jpg", "display_order": 3, "uploaded_at": "2025-09-25T09:14:13.818Z"}}, {"model": "clubs.clubimage", "pk": 49, "fields": {"club": 17, "image": "slider/17/1853e16b90254dfc98d871b067a1b62f.jpg", "display_order": 1, "uploaded_at": "2025-09-25T09:17:20.707Z"}}, {"model": "clubs.clubimage", "pk": 50, "fields": {"club": 17, "image": "slider/17/6ea9a483d72c48839675f7e4bd14fa43.jpg", "display_order": 2, "uploaded_at": "2025-09-25T09:17:48.839Z"}}, {"model": "clubs.clubimage", "pk": 51, "fields": {"club": 17, "image": "slider/17/42527da814b04cea86cb47aeec1b521d.jpg", "display_order": 3, "uploaded_at": "2025-09-25T09:18:07.508Z"}}, {"model": "clubs.clubimage", "pk": 52, "fields": {"club": 18, "image": "slider/18/439b7795d40346dc9bbb553867df0536.jpg", "display_order": 1, "uploaded_at": "2025-09-27T15:11:14.591Z"}}, {"model": "clubs.clubimage", "pk": 53, "fields": {"club": 18, "image": "slider/18/37a6aeb3972e4ee1a54ded1ac0caea1f.jpg", "display_order": 2, "uploaded_at": "2025-09-27T15:11:26.612Z"}}, {"model": "clubs.clubimage", "pk": 54, "fields": {"club": 18, "image": "slider/18/b8599e5e45ec4168a91b9f5e53aff2e3.jpg", "display_order": 3, "uploaded_at": "2025-09-27T15:11:41.353Z"}}, {"model": "clubs.clubimage", "pk": 55, "fields": {"club": 19, "image": "slider/19/cdde4490d5894afe80c392caca72a0f0.jpg", "display_order": 1, "uploaded_at": "2025-09-27T15:17:08.508Z"}}, {"model": "clubs.clubimage", "pk": 56, "fields": {"club": 19, "image": "slider/19/528152bf84084a3b8f784e2cef752ffe.jpg", "display_order": 2, "uploaded_at": "2025-09-27T15:17:25.738Z"}}, {"model": "clubs.clubimage", "pk": 57, "fields": {"club": 19, "image": "slider/19/39fc1353b55548eabdc53145166ee973.jpg", "display_order": 3, "uploaded_at": "2025-09-27T15:17:38.472Z"}}, {"model": "clubs.clubimage", "pk": 58, "fields": {"club": 20, "image": "slider/20/2d97980483a74e24be1204c9c15767da.jpg", "display_order": 1, "uploaded_at": "2025-09-27T15:22:50.052Z"}}, {"model": "clubs.clubimage", "pk": 59, "fields": {"club": 20, "image": "slider/20/0b982b2eca8c4a3f86f02f7c50d10da9.jpg", "display_order": 2, "uploaded_at": "2025-09-27T15:23:03.462Z"}}, {"model": "clubs.clubimage", "pk": 60, "fields": {"club": 20, "image": "slider/20/cf9e29434bde4acc9975f5641c7106fe.jpg", "display_order": 3, "uploaded_at": "2025-09-27T15:23:20.515Z"}}, {"model": "clubs.clubimage", "pk": 61, "fields": {"club": 21, "image": "slider/21/d1dc5b7accfa4cf1a1b42c574f0f1341.jpg", "display_order": 1, "uploaded_at": "2025-09-27T17:00:53.046Z"}}, {"model": "clubs.clubimage", "pk": 62, "fields": {"club": 21, "image": "slider/21/6412e1066e904aaa9c67efeb23d5acd0.jpg", "display_order": 2, "uploaded_at": "2025-09-27T17:01:03.676Z"}}, {"model": "clubs.clubimage", "pk": 63, "fields": {"club": 21, "image": "slider/21/9ad1fd76f4ae43a0a9ae310c4e054bf3.jpg", "display_order": 3, "uploaded_at": "2025-09-27T17:01:15.578Z"}}, {"model": "clubs.clubimage", "pk": 64, "fields": {"club": 22, "image": "slider/22/3faaaf04796d4e29abcf72754da2fb31.jpg", "display_order": 1, "uploaded_at": "2025-09-27T17:04:42.770Z"}}, {"model": "clubs.clubimage", "pk": 65, "fields": {"club": 22, "image": "slider/22/644ba6ea4b3c4b538b6889706c1e7dd7.jpg", "display_order": 2, "uploaded_at": "2025-09-27T17:04:52.064Z"}}, {"model": "clubs.clubimage", "pk": 66, "fields": {"club": 22, "image": "slider/22/0e4b08a411ee4628ba1a3771bc75c605.jpg", "display_order": 3, "uploaded_at": "2025-09-27T17:05:03.540Z"}}, {"model": "clubs.clubimage", "pk": 67, "fields": {"club": 23, "image": "slider/23/6bad2f46c54f4a79b0b39728c79ee599.jpg", "display_order": 1, "uploaded_at": "2025-09-27T17:10:28.547Z"}}, {"model": "clubs.clubimage", "pk": 68, "fields": {"club": 23, "image": "slider/23/6127909ac16549cdb4d03335c0d0ef01.jpg", "display_order": 2, "uploaded_at": "2025-09-27T17:10:43.221Z"}}, {"model": "clubs.clubimage", "pk": 69, "fields": {"club": 23, "image": "slider/23/9c6fb521412241f9815cfce686e1c4f8.jpg", "display_order": 3, "uploaded_at": "2025-09-27T17:11:01.622Z"}}, {"model": "clubs.clubimage", "pk": 70, "fields": {"club": 24, "image": "slider/24/1516b450fb8b437aa27e9645713f51ca.jpg", "display_order": 1, "uploaded_at": "2025-10-21T09:48:38.339Z"}}, {"model": "clubs.clubimage", "pk": 71, "fields": {"club": 24, "image": "slider/24/e339a651678b47b98fd5f049cca5b3b1.jpg", "display_order": 2, "uploaded_at": "2025-10-21T09:49:05.539Z"}}, {"model": "clubs.clubimage", "pk": 72, "fields": {"club": 24, "image": "slider/24/0f03e94e01ad493f8af8e439d4335fd8.jpg", "display_order": 3, "uploaded_at": "2025-10-21T09:49:24.506Z"}}, {"model": "clubs.tablestype", "pk": 1, "fields": {"name_table": "APlus"}}, {"model": "clubs.tablestype", "pk": 2, "fields": {"name_table": "Alieex"}}, {"model": "clubs.tablestype", "pk": 3, "fields": {"name_table": "Alieex Crown S"}}, {"model": "clubs.tablestype", "pk": 4, "fields": {"name_table": "Chinese Pool"}}, {"model": "clubs.tablestype", "pk": 5, "fields": {"name_table": "Diamond"}}, {"model": "clubs.tablestype", "pk": 6, "fields": {"name_table": "KKKing"}}, {"model": "clubs.tablestype", "pk": 7, "fields": {"name_table": "KingBilliards"}}, {"model": "clubs.tablestype", "pk": 8, "fields": {"name_table": "MIN"}}, {"model": "clubs.tablestype", "pk": 9, "fields": {"name_table": "Mit"}}, {"model": "clubs.tablestype", "pk": 10, "fields": {"name_table": "Mr Sung"}}, {"model": "clubs.tablestype", "pk": 11, "fields": {"name_table": "Peri"}}, {"model": "clubs.tablestype", "pk": 12, "fields": {"name_table": "Predator"}}, {"model": "clubs.tablestype", "pk": 13, "fields": {"name_table": "Rasson"}}, {"model": "clubs.tablestype", "pk": 14, "fields": {"name_table": "Samurai"}}, {"model": "clubs.tablestype", "pk": 15, "fields": {"name_table": "Space-X"}}, {"model": "clubs.tablestype", "pk": 16, "fields": {"name_table": "TMAZ"}}, {"model": "clubs.tablestype", "pk": 17, "fields": {"name_table": "Yalin"}}, {"model": "clubs.clubreview", "pk": 1, "fields": {"club": 17, "reviewer_name": "datdepzai", "rating": 5, "comment": "quán ngon, xứng đáng với giá tiền, nhân viên xinh gái và nhiệt tình", "created_at": "2025-09-25T16:40:13.968Z", "is_approved": true}}, {"model": "clubs.clubreview", "pk": 2, "fields": {"club": 17, "reviewer_name": "thoradaii", "rating": 5, "comment": "nói chung là nét nuôn, không có điểm gì để chê", "created_at": "2025-09-25T17:00:35.331Z", "is_approved": true}}, {"model": "clubs.clubreview", "pk": 3, "fields": {"club": 17, "reviewer_name": "abc", "rating": 5, "comment": "10đ, không có nhưng", "created_at": "2025-09-25T17:12:33.622Z", "is_approved": true}}, {"model": "clubs.proposedclub", "pk": 1, "fields": {"name": "99 Billiards", "district": "Thanh xuân", "type_district": "nội thành", "address": "96 P. Định Công, Phương Liệt, Thanh Xuân, Hà Nội", "price": "39k - 49k - 55k", "table": "Mr Sung", "note": "Quán mới, không gian sạch sẽ, thoáng mát", "image_thumb": "proposed/thumb/0434ecb0b96c4f1dab8cdbf639706a36.jpg", "created_at": "2025-09-26T07:30:53.568Z", "is_reviewed": false}}]